{
  "type": "FeatureCollection",
  "features": [
    {
      "type": "Feature",
      "properties": {
        "Shape_Leng": 2687.98205584,
        "Shape_Area": 20090.5378286
      },
      "geometry": {
        "type": "Polygon",
        "coordinates": [
          [
            [
              13336939.926181108,
              337821.08136482537
            ],
            [
              13336939.314960629,
              337821.0705380589
            ],
            [
              13336932.820538059,
              338006.205052495
            ],
            [
              13336931.836942255,
              338029.27099737525
            ],
            [
              13336904.253937006,
              338675.9599737525
            ],
            [
              13336886.127624676,
              339100.9406168014
            ],
            [
              13336884.003608927,
              339150.7411417365
            ],
            [
              13336884.694225729,
              339150.8244750649
            ],
            [
              13336888.622375324,
              339101.02296587825
            ],
            [
              13336910.484908134,
              338823.8592519611
            ],
            [
              13336918.004265085,
              338681.34317585826
            ],
            [
              13336924.874343827,
              338551.1325459331
            ],
            [
              13336924.89862205,
              338550.67224410176
            ],
            [
              13336939.63057743,
              338271.5213254541
            ],
            [
              13336964.011811018,
              337821.507874012
            ],
            [
              13336939.926181108,
              337821.08136482537
            ]
          ]
        ]
      }
    },
    {
      "type": "Feature",
      "properties": {
        "Shape_Leng": 532.00061566,
        "Shape_Area": 13200.5359512
      },
      "geometry": {
        "type": "Polygon",
        "coordinates": [
          [
            [
              13249329.640091866,
              316174.8700787425
            ],
            [
              13249156.100065619,
              316075.43996062875
            ],
            [
              13249123.299868762,
              316132.7099737525
            ],
            [
              13249296.819881886,
              316232.14009186625
            ],
            [
              13249297.060039371,
              316231.72998687625
            ],
            [
              13249329.640091866,
              316174.8700787425
            ]
          ]
        ]
      }
    },
    {
      "type": "Feature",
      "properties": {
        "Shape_Leng": 242.281785521,
        "Shape_Area": 683.016969624
      },
      "geometry": {
        "type": "Polygon",
        "coordinates": [
          [
            [
              13233809.276246727,
              333231.24639107287
            ],
            [
              13233819.931102365,
              333158.9461942315
            ],
            [
              13233854.495078743,
              333161.9911417365
            ],
            [
              13233853.546916008,
              333149.1843831986
            ],
            [
              13233852.540026248,
              333149.0928477645
            ],
            [
              13233818.820538059,
              333146.0262467265
            ],
            [
              13233806.706364825,
              333226.6200787425
            ],
            [
              13233807.383202106,
              333227.83825458586
            ],
            [
              13233809.276246727,
              333231.24639107287
            ]
          ]
        ]
      }
    },
    {
      "type": "Feature",
      "properties": {
        "Shape_Leng": 489.427572941,
        "Shape_Area": 11887.1076384
      },
      "geometry": {
        "type": "Polygon",
        "coordinates": [
          [
            [
              13194764.825787395,
              307880.91929133236
            ],
            [
              13194636.669947505,
              307874.8126640469
            ],
            [
              13194635.967519686,
              307943.3425196856
            ],
            [
              13194635.593832016,
              307979.7900262475
            ],
            [
              13194676.927821517,
              307963.62073491514
            ],
            [
              13194718.835629925,
              307949.00328083336
            ],
            [
              13194761.259186357,
              307935.95833332837
            ],
            [
              13194804.139435694,
              307924.50360892713
            ],
            [
              13194801.468832016,
              307882.66568242013
            ],
            [
              13194764.825787395,
              307880.91929133236
            ]
          ]
        ]
      }
    },
    {
      "type": "Feature",
      "properties": {
        "Shape_Leng": 205.97036034,
        "Shape_Area": 944.136047345
      },
      "geometry": {
        "type": "Polygon",
        "coordinates": [
          [
            [
              13211239.992454067,
              319532.9393044561
            ],
            [
              13211228.326115489,
              319533.0360892415
            ],
            [
              13211263.08431758,
              319589.6299212575
            ],
            [
              13211276.986220479,
              319609.8661417365
            ],
            [
              13211288.89173229,
              319610.1906168014
            ],
            [
              13211239.992454067,
              319532.9393044561
            ]
          ]
        ]
      }
    },
    {
      "type": "Feature",
      "properties": {
        "Shape_Leng": 153.249735582,
        "Shape_Area": 575.419205253
      },
      "geometry": {
        "type": "Polygon",
        "coordinates": [
          [
            [
              13211208.693897635,
              319481.138779521
            ],
            [
              13211175.538057745,
              319426.70374016464
            ],
            [
              13211163.658136487,
              319423.7919947505
            ],
            [
              13211197.963254586,
              319480.81299212575
            ],
            [
              13211208.693897635,
              319481.138779521
            ]
          ]
        ]
      }
    },
    {
      "type": "Feature",
      "properties": {
        "Shape_Leng": 401.53257587,
        "Shape_Area": 5769.30376779
      },
      "geometry": {
        "type": "Polygon",
        "coordinates": [
          [
            [
              13201393.240157485,
              295986.4599737525
            ],
            [
              13201358.240157485,
              295980.83989501
            ],
            [
              13201358.229986876,
              296143.4599737525
            ],
            [
              13201393.229986876,
              296153.509842515
            ],
            [
              13201393.240157485,
              295986.4599737525
            ]
          ]
        ]
      }
    },
    {
      "type": "Feature",
      "properties": {
        "Shape_Leng": 418.88129552,
        "Shape_Area": 8051.92428728
      },
      "geometry": {
        "type": "Polygon",
        "coordinates": [
          [
            [
              13201815.189960629,
              296224.4501312375
            ],
            [
              13201794.520013124,
              296177.5
            ],
            [
              13201682.680118114,
              296283.7099737525
            ],
            [
              13201710.330052495,
              296336.68011811376
            ],
            [
              13201815.189960629,
              296224.4501312375
            ]
          ]
        ]
      }
    },
    {
      "type": "Feature",
      "properties": {
        "Shape_Leng": 1381.22277926,
        "Shape_Area": 17166.4064063
      },
      "geometry": {
        "type": "Polygon",
        "coordinates": [
          [
            [
              13237497.14173229,
              255779.203083992
            ],
            [
              13237472.939960629,
              256443.45866142213
            ],
            [
              13237498.322506562,
              256444.3592519611
            ],
            [
              13237523.378280833,
              255779.95078739524
            ],
            [
              13237497.14173229,
              255779.203083992
            ]
          ]
        ]
      }
    },
    {
      "type": "Feature",
      "properties": {
        "Shape_Leng": 1124.94468262,
        "Shape_Area": 3094.44870338
      },
      "geometry": {
        "type": "Polygon",
        "coordinates": [
          [
            [
              13236772.927493438,
              254476.71489501
            ],
            [
              13236770.064304456,
              254476.60695537925
            ],
            [
              13236748.26246719,
              254968.0967847705
            ],
            [
              13236747.032480314,
              254999.4911417365
            ],
            [
              13236749.95242782,
              254999.60203412175
            ],
            [
              13236748.688648298,
              255033.11745406687
            ],
            [
              13236754.020669296,
              255033.28576114774
            ],
            [
              13236755.158136487,
              254999.798884511
            ],
            [
              13236756.221128613,
              254968.5088582635
            ],
            [
              13236772.927493438,
              254476.71489501
            ]
          ]
        ]
      }
    },
    {
      "type": "Feature",
      "properties": {
        "Shape_Leng": 1649.77242891,
        "Shape_Area": 10419.0987806
      },
      "geometry": {
        "type": "Polygon",
        "coordinates": [
          [
            [
              13195189.805774271,
              239278.46751968563
            ],
            [
              13195180.45242782,
              239623.10137794912
            ],
            [
              13195165.953740165,
              240091.281167984
            ],
            [
              13195178.579396322,
              240088.18996062875
            ],
            [
              13195193.435039371,
              239609.8681102395
            ],
            [
              13195201.520013124,
              239349.5731627345
            ],
            [
              13195203.715551183,
              239278.88746719062
            ],
            [
              13195189.805774271,
              239278.46751968563
            ]
          ]
        ]
      }
    },
    {
      "type": "Feature",
      "properties": {
        "Shape_Leng": 2638.10225943,
        "Shape_Area": 79209.9381909
      },
      "geometry": {
        "type": "Polygon",
        "coordinates": [
          [
            [
              13313849.671259835,
              306748.85990813375
            ],
            [
              13313256.370078743,
              306501.4035433084
            ],
            [
              13312759.032480314,
              306520.6591207385
            ],
            [
              13312749.453740165,
              306521.02985563874
            ],
            [
              13312719.65583989,
              306522.1837270409
            ],
            [
              13312719.784448817,
              306522.41863517463
            ],
            [
              13312774.985564306,
              306623.31003937125
            ],
            [
              13312842.405511811,
              306625.00918635726
            ],
            [
              13312930.788057745,
              306609.6377952695
            ],
            [
              13313019.367125988,
              306528.2746063024
            ],
            [
              13313066.884186357,
              306563.20374016464
            ],
            [
              13313150.795931756,
              306550.65288713574
            ],
            [
              13313240.742782146,
              306589.58431757987
            ],
            [
              13313320.415354326,
              306567.28740157187
            ],
            [
              13313305.786745414,
              306633.39993438125
            ],
            [
              13313363.283464566,
              306648.5
            ],
            [
              13313402.197178483,
              306675.89107611775
            ],
            [
              13313469.022309706,
              306643.84416010976
            ],
            [
              13313514.56036745,
              306699.2752624601
            ],
            [
              13313592.4816273,
              306692.44783464074
            ],
            [
              13313687.975721791,
              306744.74376639724
            ],
            [
              13313758.195866138,
              306752.3907480389
            ],
            [
              13313789.44520998,
              306792.7900262475
            ],
            [
              13313848.298228353,
              306800.91437007487
            ],
            [
              13313849.671259835,
              306748.85990813375
            ]
          ]
        ]
      }
    },
    {
      "type": "Feature",
      "properties": {
        "Shape_Leng": 172.461198338,
        "Shape_Area": 1517.38146024
      },
      "geometry": {
        "type": "Polygon",
        "coordinates": [
          [
            [
              13282876.187007874,
              243225.96620735526
            ],
            [
              13282886.86220473,
              243209.47933070362
            ],
            [
              13282894.521653548,
              243214.43864829838
            ],
            [
              13282914.208333328,
              243184.03477689624
            ],
            [
              13282903.253608927,
              243176.94160105288
            ],
            [
              13282888.71358268,
              243167.52657480538
            ],
            [
              13282888.271653548,
              243168.208989501
            ],
            [
              13282858.356299207,
              243214.40944881737
            ],
            [
              13282872.155183733,
              243223.35301837325
            ],
            [
              13282876.187007874,
              243225.96620735526
            ]
          ]
        ]
      }
    },
    {
      "type": "Feature",
      "properties": {
        "Shape_Leng": 677.791233179,
        "Shape_Area": 17899.9216509
      },
      "geometry": {
        "type": "Polygon",
        "coordinates": [
          [
            [
              13287300.268700793,
              253860.6092519611
            ],
            [
              13287291.251640424,
              253842.884842515
            ],
            [
              13287283.349409446,
              253824.63549868762
            ],
            [
              13287276.593175858,
              253805.93208661675
            ],
            [
              13287274.426837265,
              253799.47637794912
            ],
            [
              13287236.353018373,
              253819.36450131238
            ],
            [
              13287197.162729666,
              253836.95078739524
            ],
            [
              13287156.995078743,
              253852.17322835326
            ],
            [
              13287115.992454067,
              253864.97703412175
            ],
            [
              13287074.300196856,
              253875.31758530438
            ],
            [
              13287032.066601053,
              253883.15780839324
            ],
            [
              13287029.76279527,
              253950.20472441614
            ],
            [
              13287070.143700793,
              253943.5282152295
            ],
            [
              13287110.123031497,
              253934.76213911176
            ],
            [
              13287149.592847764,
              253923.92979002
            ],
            [
              13287188.446194232,
              253911.06102362275
            ],
            [
              13287226.57841207,
              253896.1902887076
            ],
            [
              13287263.88615486,
              253879.35793963075
            ],
            [
              13287300.268700793,
              253860.6092519611
            ]
          ]
        ]
      }
    },
    {
      "type": "Feature",
      "properties": {
        "Shape_Leng": 144.190459082,
        "Shape_Area": 986.42597877
      },
      "geometry": {
        "type": "Polygon",
        "coordinates": [
          [
            [
              13214084.908464566,
              295746.5770997405
            ],
            [
              13214090.484251961,
              295743.2585301846
            ],
            [
              13214088.798556432,
              295740.42158792913
            ],
            [
              13214086.395669296,
              295741.85892388225
            ],
            [
              13214069.010498688,
              295712.64009186625
            ],
            [
              13214064.713254586,
              295715.19586613774
            ],
            [
              13214051.992782146,
              295722.7614829391
            ],
            [
              13214049.936679795,
              295723.9796587974
            ],
            [
              13214052.597440943,
              295728.46128608286
            ],
            [
              13214055.560039371,
              295733.45177164674
            ],
            [
              13214056.062664047,
              295734.29822835326
            ],
            [
              13214053.65452756,
              295735.7273622006
            ],
            [
              13214060.45669292,
              295747.1564960629
            ],
            [
              13214062.864501312,
              295745.7273622006
            ],
            [
              13214072.575459316,
              295762.0583989471
            ],
            [
              13214086.326771647,
              295753.878937006
            ],
            [
              13214082.750328079,
              295747.8615485579
            ],
            [
              13214084.908464566,
              295746.5770997405
            ]
          ]
        ]
      }
    },
    {
      "type": "Feature",
      "properties": {
        "Shape_Leng": 2910.50066713,
        "Shape_Area": 23742.1204197
      },
      "geometry": {
        "type": "Polygon",
        "coordinates": [
          [
            [
              13266907.48851706,
              338390.63812336326
            ],
            [
              13266907.466535434,
              338390.6374671906
            ],
            [
              13266907.279855639,
              338404.47998687625
            ],
            [
              13266940.261811018,
              338405.4465223104
            ],
            [
              13267062.56627296,
              338409.0301837325
            ],
            [
              13268313.236220479,
              338445.67814961076
            ],
            [
              13268345.41568242,
              338446.621062994
            ],
            [
              13268345.750984251,
              338427.4763779491
            ],
            [
              13268313.666010499,
              338426.654199481
            ],
            [
              13267542.618438318,
              338406.8992782086
            ],
            [
              13267062.943569556,
              338394.5994094461
            ],
            [
              13267062.776246727,
              338394.59514436126
            ],
            [
              13266940.472769022,
              338391.4786745459
            ],
            [
              13266907.48851706,
              338390.63812336326
            ]
          ]
        ]
      }
    },
    {
      "type": "Feature",
      "properties": {
        "Shape_Leng": 5306.67069095,
        "Shape_Area": 42565.8551273
      },
      "geometry": {
        "type": "Polygon",
        "coordinates": [
          [
            [
              13268367.423556432,
              337128.39009186625
            ],
            [
              13268367.43372704,
              337127.74179789424
            ],
            [
              13268609.021325454,
              337136.04133857787
            ],
            [
              13268852.498359576,
              337144.60892388225
            ],
            [
              13269273.06725721,
              337160.1404199451
            ],
            [
              13269687.104002625,
              337175.3572834581
            ],
            [
              13269687.562992126,
              337175.3740157485
            ],
            [
              13269687.48293963,
              337140.58070866764
            ],
            [
              13268356.89304462,
              337107.5518372655
            ],
            [
              13268356.753608927,
              337127.9353674501
            ],
            [
              13268353.063648298,
              337667.5987532735
            ],
            [
              13268345.750984251,
              338427.4763779491
            ],
            [
              13268352.04658793,
              338068.3093831986
            ],
            [
              13268357.560039371,
              337738.9455380589
            ],
            [
              13268364.130249351,
              337340.17618110776
            ],
            [
              13268367.423556432,
              337128.39009186625
            ]
          ]
        ]
      }
    },
    {
      "type": "Feature",
      "properties": {
        "Shape_Leng": 353.872643954,
        "Shape_Area": 1594.51364079
      },
      "geometry": {
        "type": "Polygon",
        "coordinates": [
          [
            [
              13308745.424540684,
              294494.02001312375
            ],
            [
              13308912.530511811,
              294501.193241477
            ],
            [
              13308912.776246727,
              294490.70669291914
            ],
            [
              13308745.308070868,
              294485.4481627345
            ],
            [
              13308745.424540684,
              294494.02001312375
            ]
          ]
        ]
      }
    },
    {
      "type": "Feature",
      "properties": {
        "Shape_Leng": 1458.44736386,
        "Shape_Area": 22971.6756609
      },
      "geometry": {
        "type": "Polygon",
        "coordinates": [
          [
            [
              13309427.468175858,
              318152.8805774301
            ],
            [
              13309428.464238852,
              318119.75820210576
            ],
            [
              13308881.764435694,
              318141.7824803144
            ],
            [
              13308733.1066273,
              318147.5334645659
            ],
            [
              13308731.865485564,
              318180.74737532437
            ],
            [
              13309080.315288708,
              318166.7880577445
            ],
            [
              13309427.468175858,
              318152.8805774301
            ]
          ]
        ]
      }
    },
    {
      "type": "Feature",
      "properties": {
        "Shape_Leng": 819.270780888,
        "Shape_Area": 30543.4329406
      },
      "geometry": {
        "type": "Polygon",
        "coordinates": [
          [
            [
              13325208.450131238,
              272628.3799212575
            ],
            [
              13325209.930118114,
              272511.66010499
            ],
            [
              13325204.080052495,
              272511.7900262475
            ],
            [
              13325158.290026248,
              272512.830052495
            ],
            [
              13325153.740157485,
              272512.93011811376
            ],
            [
              13325109.83989501,
              272513.3799212575
            ],
            [
              13325111.580052495,
              272456.9501312375
            ],
            [
              13325113.189960629,
              272404.77001312375
            ],
            [
              13325062.609908134,
              272404.669947505
            ],
            [
              13325026.218832016,
              272404.58989501
            ],
            [
              13325025.110564306,
              272456.77001312375
            ],
            [
              13325023.891404197,
              272514.2099737525
            ],
            [
              13325021.560039371,
              272624.41010499
            ],
            [
              13325056.040026248,
              272625.14993438125
            ],
            [
              13325068.959973752,
              272625.419947505
            ],
            [
              13325107.879921257,
              272626.25
            ],
            [
              13325158.100065619,
              272627.31003937125
            ],
            [
              13325208.450131238,
              272628.3799212575
            ]
          ]
        ]
      }
    },
    {
      "type": "Feature",
      "properties": {
        "Shape_Leng": 391.976902012,
        "Shape_Area": 8158.85485819
      },
      "geometry": {
        "type": "Polygon",
        "coordinates": [
          [
            [
              13280382.621719167,
              244823.6482939571
            ],
            [
              13280322.659448817,
              244821.51935695112
            ],
            [
              13280319.252624676,
              244957.46489501
            ],
            [
              13280379.214566931,
              244959.59448818862
            ],
            [
              13280382.621719167,
              244823.6482939571
            ]
          ]
        ]
      }
    },
    {
      "type": "Feature",
      "properties": {
        "Shape_Leng": 275.316286613,
        "Shape_Area": 2193.91892538
      },
      "geometry": {
        "type": "Polygon",
        "coordinates": [
          [
            [
              13216389.540026248,
              302943.8799212575
            ],
            [
              13216393.509842515,
              302927.35990813375
            ],
            [
              13216398.700131238,
              302928.60990813375
            ],
            [
              13216402.409448817,
              302913.152230978
            ],
            [
              13216402.529855639,
              302912.64993438125
            ],
            [
              13216397.404855639,
              302911.42519685626
            ],
            [
              13216397.299868762,
              302911.39993438125
            ],
            [
              13216399.028543308,
              302904.23392388225
            ],
            [
              13216399.149934381,
              302903.72998687625
            ],
            [
              13216356.080052495,
              302893.39009186625
            ],
            [
              13216352.680118114,
              302907.52001312375
            ],
            [
              13216352.82152231,
              302907.5538057685
            ],
            [
              13216362.33989501,
              302909.83989501
            ],
            [
              13216362.23195538,
              302910.29035432637
            ],
            [
              13216357.479986876,
              302930.10006561875
            ],
            [
              13216349.635826766,
              302928.2178477645
            ],
            [
              13216349.520013124,
              302928.18996062875
            ],
            [
              13216353.115485564,
              302913.21620735526
            ],
            [
              13216353.220144361,
              302912.77985563874
            ],
            [
              13216331.149934381,
              302907.47998687625
            ],
            [
              13216326.080052495,
              302928.580052495
            ],
            [
              13216326.211286083,
              302928.61286088824
            ],
            [
              13216333.129921257,
              302930.33989501
            ],
            [
              13216389.540026248,
              302943.8799212575
            ]
          ]
        ]
      }
    },
    {
      "type": "Feature",
      "properties": {
        "Shape_Leng": 262.841948552,
        "Shape_Area": 2153.44146427
      },
      "geometry": {
        "type": "Polygon",
        "coordinates": [
          [
            [
              13216240.509842515,
              302939.14993438125
            ],
            [
              13216239.369094491,
              302918.947178483
            ],
            [
              13216239.350065619,
              302918.60990813375
            ],
            [
              13216216.91010499,
              302919.97998687625
            ],
            [
              13216217.470144361,
              302930.10006561875
            ],
            [
              13216208.909448817,
              302930.6315616816
            ],
            [
              13216208.770013124,
              302930.64009186625
            ],
            [
              13216207.990157485,
              302916.85990813375
            ],
            [
              13216218.379921257,
              302916.22014436126
            ],
            [
              13216217.528871387,
              302901.14501312375
            ],
            [
              13216217.509842515,
              302900.81003937125
            ],
            [
              13216173.189960629,
              302904.16010499
            ],
            [
              13216173.5,
              302911.7998687625
            ],
            [
              13216167.290026248,
              302912.18996062875
            ],
            [
              13216168.189960629,
              302928.1200787425
            ],
            [
              13216168.37631233,
              302928.1082677096
            ],
            [
              13216174.419947505,
              302927.72998687625
            ],
            [
              13216174.434383199,
              302927.986220479
            ],
            [
              13216175.290026248,
              302943.14009186625
            ],
            [
              13216232.959973752,
              302939.60990813375
            ],
            [
              13216240.509842515,
              302939.14993438125
            ]
          ]
        ]
      }
    },
    {
      "type": "Feature",
      "properties": {
        "Shape_Leng": 201.949519678,
        "Shape_Area": 1841.81492227
      },
      "geometry": {
        "type": "Polygon",
        "coordinates": [
          [
            [
              13216389.540026248,
              302943.8799212575
            ],
            [
              13216333.129921257,
              302930.33989501
            ],
            [
              13216328.540026248,
              302949.4501312375
            ],
            [
              13216355.939960629,
              302956.02985563874
            ],
            [
              13216353.729986876,
              302966.27001312375
            ],
            [
              13216395.100065619,
              302976.2001312375
            ],
            [
              13216402.140091866,
              302946.91010499
            ],
            [
              13216389.540026248,
              302943.8799212575
            ]
          ]
        ]
      }
    },
    {
      "type": "Feature",
      "properties": {
        "Shape_Leng": 223.625155584,
        "Shape_Area": 1813.47488717
      },
      "geometry": {
        "type": "Polygon",
        "coordinates": [
          [
            [
              13216204.5,
              302971.5
            ],
            [
              13216203.419947505,
              302952.56988188624
            ],
            [
              13216210.649934381,
              302952.1299212575
            ],
            [
              13216211.229986876,
              302962.240157485
            ],
            [
              13216234.290026248,
              302960.830052495
            ],
            [
              13216232.959973752,
              302939.60990813375
            ],
            [
              13216175.290026248,
              302943.14009186625
            ],
            [
              13216161.560039371,
              302943.97998687625
            ],
            [
              13216163.270013124,
              302974.02001312375
            ],
            [
              13216204.5,
              302971.5
            ]
          ]
        ]
      }
    },
    {
      "type": "Feature",
      "properties": {
        "Shape_Leng": 205.431444217,
        "Shape_Area": 1836.93495088
      },
      "geometry": {
        "type": "Polygon",
        "coordinates": [
          [
            [
              13216395.100065619,
              302976.2001312375
            ],
            [
              13216353.729986876,
              302966.27001312375
            ],
            [
              13216336.080052495,
              302962.02985563874
            ],
            [
              13216331.149934381,
              302983.2099737525
            ],
            [
              13216351.180118114,
              302988.02001312375
            ],
            [
              13216349.890091866,
              302993.39993438125
            ],
            [
              13216363.859908134,
              302996.75
            ],
            [
              13216362.299868762,
              303003.240157485
            ],
            [
              13216372.419947505,
              303005.669947505
            ],
            [
              13216373.919947505,
              302999.43996062875
            ],
            [
              13216396.58989501,
              303004.8799212575
            ],
            [
              13216403.020013124,
              302978.10006561875
            ],
            [
              13216395.100065619,
              302976.2001312375
            ]
          ]
        ]
      }
    },
    {
      "type": "Feature",
      "properties": {
        "Shape_Leng": 211.49365832,
        "Shape_Area": 1918.9099802
      },
      "geometry": {
        "type": "Polygon",
        "coordinates": [
          [
            [
              13216163.270013124,
              302974.02001312375
            ],
            [
              13216154.359908134,
              302974.56988188624
            ],
            [
              13216155.580052495,
              302996.080052495
            ],
            [
              13216165.359908134,
              302995.47998687625
            ],
            [
              13216165.850065619,
              303004.18011811376
            ],
            [
              13216179.08989501,
              303003.14009186625
            ],
            [
              13216179.470144361,
              303009.89993438125
            ],
            [
              13216188.669947505,
              303009.330052495
            ],
            [
              13216188.270013124,
              303002.2998687625
            ],
            [
              13216202.779855639,
              303001.41010499
            ],
            [
              13216202.470144361,
              302996.02985563874
            ],
            [
              13216224.459973752,
              302994.68011811376
            ],
            [
              13216223.049868762,
              302970.3700787425
            ],
            [
              13216204.5,
              302971.5
            ],
            [
              13216163.270013124,
              302974.02001312375
            ]
          ]
        ]
      }
    },
    {
      "type": "Feature",
      "properties": {
        "Shape_Leng": 226.906560944,
        "Shape_Area": 2055.22201815
      },
      "geometry": {
        "type": "Polygon",
        "coordinates": [
          [
            [
              13216415.720144361,
              303112.77985563874
            ],
            [
              13216411.819881886,
              303104.490157485
            ],
            [
              13216404.779855639,
              303108.06988188624
            ],
            [
              13216397.930118114,
              303093.52001312375
            ],
            [
              13216391.209973752,
              303096.9599737525
            ],
            [
              13216382.049868762,
              303077.5
            ],
            [
              13216362.580052495,
              303087.2900262475
            ],
            [
              13216370.649934381,
              303104.39009186625
            ],
            [
              13216388.950131238,
              303143.27985563874
            ],
            [
              13216391.729986876,
              303149.18996062875
            ],
            [
              13216401.270013124,
              303144.330052495
            ],
            [
              13216403.537401572,
              303149.1574803144
            ],
            [
              13216404.609908134,
              303151.43996062875
            ],
            [
              13216409.37631233,
              303149.0095144361
            ],
            [
              13216421.060039371,
              303143.0498687625
            ],
            [
              13216420.799868762,
              303142.5
            ],
            [
              13216408.540026248,
              303116.43996062875
            ],
            [
              13216415.720144361,
              303112.77985563874
            ]
          ]
        ]
      }
    },
    {
      "type": "Feature",
      "properties": {
        "Shape_Leng": 268.241332777,
        "Shape_Area": 2274.25315508
      },
      "geometry": {
        "type": "Polygon",
        "coordinates": [
          [
            [
              13216200.390091866,
              303221.1200787425
            ],
            [
              13216200.720144361,
              303214.72014436126
            ],
            [
              13216213.25,
              303215.64993438125
            ],
            [
              13216213.620078743,
              303208.419947505
            ],
            [
              13216219.825131238,
              303208.8700787425
            ],
            [
              13216220.859908134,
              303187.89993438125
            ],
            [
              13216222.589238852,
              303153.75
            ],
            [
              13216222.492454067,
              303153.35006561875
            ],
            [
              13216199.299868762,
              303151.56988188624
            ],
            [
              13216199.150590554,
              303154.34514436126
            ],
            [
              13216199.109908134,
              303155.10006561875
            ],
            [
              13216198.529855639,
              303166.580052495
            ],
            [
              13216198.200131238,
              303173.27985563874
            ],
            [
              13216202.45767717,
              303173.6092519611
            ],
            [
              13216208.442585304,
              303174.0725065619
            ],
            [
              13216207.984580055,
              303183
            ],
            [
              13216207.98293963,
              303183.03280839324
            ],
            [
              13216193.778543308,
              303181.9675196856
            ],
            [
              13216194.371062994,
              303170.62959317863
            ],
            [
              13216178.470144361,
              303169.4445538074
            ],
            [
              13216178.379265085,
              303169.4422572106
            ],
            [
              13216176.319881886,
              303213.365157485
            ],
            [
              13216176.461614177,
              303213.37565617263
            ],
            [
              13216182.283464566,
              303213.8116797954
            ],
            [
              13216182.282152236,
              303213.83923885226
            ],
            [
              13216181.976706043,
              303219.71489501
            ],
            [
              13216182.131561682,
              303219.7267060429
            ],
            [
              13216200.390091866,
              303221.1200787425
            ]
          ]
        ]
      }
    },
    {
      "type": "Feature",
      "properties": {
        "Shape_Leng": 272.766466671,
        "Shape_Area": 2224.65441516
      },
      "geometry": {
        "type": "Polygon",
        "coordinates": [
          [
            [
              13216369.209973752,
              303153.14993438125
            ],
            [
              13216372.209973752,
              303159.52985563874
            ],
            [
              13216386.830052495,
              303152.08989501
            ],
            [
              13216385.66010499,
              303149.611220479
            ],
            [
              13216383.890091866,
              303145.85990813375
            ],
            [
              13216386.689960629,
              303144.43996062875
            ],
            [
              13216388.950131238,
              303143.27985563874
            ],
            [
              13216370.649934381,
              303104.39009186625
            ],
            [
              13216358.069881886,
              303110.7998687625
            ],
            [
              13216362.609908134,
              303120.47014436126
            ],
            [
              13216347,
              303128.41010499
            ],
            [
              13216343.379921257,
              303120.7099737525
            ],
            [
              13216354.939960629,
              303114.81988188624
            ],
            [
              13216344.930118114,
              303093.56003937125
            ],
            [
              13216324.580052495,
              303103.97998687625
            ],
            [
              13216327.5,
              303110.27985563874
            ],
            [
              13216346.466863513,
              303150.6062992066
            ],
            [
              13216351.830052495,
              303162
            ],
            [
              13216369.209973752,
              303153.14993438125
            ]
          ]
        ]
      }
    },
    {
      "type": "Feature",
      "properties": {
        "Shape_Leng": 200.499139931,
        "Shape_Area": 1448.17964404
      },
      "geometry": {
        "type": "Polygon",
        "coordinates": [
          [
            [
              13216250.689960629,
              303216.7998687625
            ],
            [
              13216254.180118114,
              303159.080052495
            ],
            [
              13216233.430118114,
              303157.56003937125
            ],
            [
              13216232.279855639,
              303180.27001312375
            ],
            [
              13216241.709973752,
              303180.97014436126
            ],
            [
              13216241.25,
              303189.330052495
            ],
            [
              13216220.859908134,
              303187.89993438125
            ],
            [
              13216219.825131238,
              303208.8700787425
            ],
            [
              13216219.509842515,
              303216.10006561875
            ],
            [
              13216250.600065619,
              303218.259842515
            ],
            [
              13216250.689960629,
              303216.7998687625
            ]
          ]
        ]
      }
    },
    {
      "type": "Feature",
      "properties": {
        "Shape_Leng": 209.553367611,
        "Shape_Area": 1876.80553448
      },
      "geometry": {
        "type": "Polygon",
        "coordinates": [
          [
            [
              13216319.830052495,
              303138.669947505
            ],
            [
              13216311.740157485,
              303142.43996062875
            ],
            [
              13216315.951771647,
              303151.3805774301
            ],
            [
              13216335.200131238,
              303192.31003937125
            ],
            [
              13216350.930118114,
              303184.2900262475
            ],
            [
              13216347.959973752,
              303177.97014436126
            ],
            [
              13216357.149934381,
              303173.2900262475
            ],
            [
              13216351.830052495,
              303162
            ],
            [
              13216346.466863513,
              303150.6062992066
            ],
            [
              13216327.5,
              303110.27985563874
            ],
            [
              13216310.479986876,
              303118.9501312375
            ],
            [
              13216319.830052495,
              303138.669947505
            ]
          ]
        ]
      }
    },
    {
      "type": "Feature",
      "properties": {
        "Shape_Leng": 226.977938697,
        "Shape_Area": 2123.96313185
      },
      "geometry": {
        "type": "Polygon",
        "coordinates": [
          [
            [
              13216281.40452756,
              303197.4002624601
            ],
            [
              13216281.41010499,
              303197.2900262475
            ],
            [
              13216288.80905512,
              303197.8330052495
            ],
            [
              13216289.040026248,
              303197.85006561875
            ],
            [
              13216289.58989501,
              303187.06003937125
            ],
            [
              13216282.200131238,
              303186.52001312375
            ],
            [
              13216282.930118114,
              303172.27985563874
            ],
            [
              13216276.729986876,
              303171.830052495
            ],
            [
              13216277.713910758,
              303152.3513779491
            ],
            [
              13216277.799868762,
              303150.6299212575
            ],
            [
              13216277.870078743,
              303149.18996062875
            ],
            [
              13216254.919947505,
              303147.4501312375
            ],
            [
              13216254.912073493,
              303147.5744750649
            ],
            [
              13216254.629921257,
              303151.9501312375
            ],
            [
              13216254.567585304,
              303152.9386482984
            ],
            [
              13216254.180118114,
              303159.080052495
            ],
            [
              13216250.689960629,
              303216.7998687625
            ],
            [
              13216261.25,
              303217.56988188624
            ],
            [
              13216260.890091866,
              303224.58989501
            ],
            [
              13216279.70341207,
              303225.9714566916
            ],
            [
              13216279.959973752,
              303225.990157485
            ],
            [
              13216281.40452756,
              303197.4002624601
            ]
          ]
        ]
      }
    },
    {
      "type": "Feature",
      "properties": {
        "Shape_Leng": 225.770012638,
        "Shape_Area": 2062.30986681
      },
      "geometry": {
        "type": "Polygon",
        "coordinates": [
          [
            [
              13216128.810039371,
              303115.10990813375
            ],
            [
              13216117.810039371,
              303119.330052495
            ],
            [
              13216121.41010499,
              303128.9501312375
            ],
            [
              13216113.470144361,
              303132
            ],
            [
              13216120.020013124,
              303149.5
            ],
            [
              13216147.830052495,
              303138.830052495
            ],
            [
              13216150.020013124,
              303144.68996062875
            ],
            [
              13216159.66010499,
              303141
            ],
            [
              13216157.470144361,
              303135.1299212575
            ],
            [
              13216172.140091866,
              303129.5
            ],
            [
              13216169.509842515,
              303122.4501312375
            ],
            [
              13216190.009842515,
              303114.580052495
            ],
            [
              13216182.270013124,
              303094.58989501
            ],
            [
              13216128.810039371,
              303115.10990813375
            ]
          ]
        ]
      }
    },
    {
      "type": "Feature",
      "properties": {
        "Shape_Leng": 264.075319936,
        "Shape_Area": 2187.92296909
      },
      "geometry": {
        "type": "Polygon",
        "coordinates": [
          [
            [
              13216182.270013124,
              303094.58989501
            ],
            [
              13216188.208989501,
              303092.3927165419
            ],
            [
              13216188.180118114,
              303092.3152887076
            ],
            [
              13216180.451115489,
              303071.55511811376
            ],
            [
              13216159.680118114,
              303079.41010499
            ],
            [
              13216163.770013124,
              303090.33989501
            ],
            [
              13216156.109908134,
              303093.27985563874
            ],
            [
              13216150.870078743,
              303079.27001312375
            ],
            [
              13216160.25688976,
              303075.75721785426
            ],
            [
              13216154.829396322,
              303061.1555118114
            ],
            [
              13216154.805774271,
              303061.16535432637
            ],
            [
              13216109.054133862,
              303080.0830052495
            ],
            [
              13216112.646653548,
              303089.8074146956
            ],
            [
              13216115.229986876,
              303096.7998687625
            ],
            [
              13216115.27952756,
              303096.78083989024
            ],
            [
              13216121.109908134,
              303094.5498687625
            ],
            [
              13216121.120734915,
              303094.5790682435
            ],
            [
              13216128.810039371,
              303115.10990813375
            ],
            [
              13216182.270013124,
              303094.58989501
            ]
          ]
        ]
      }
    },
    {
      "type": "Feature",
      "properties": {
        "Shape_Leng": 688.991598145,
        "Shape_Area": 15923.525566
      },
      "geometry": {
        "type": "Polygon",
        "coordinates": [
          [
            [
              13216942.990813643,
              302660.96423885226
            ],
            [
              13216941.858923882,
              302740.95636482537
            ],
            [
              13216941.361876637,
              302775.95275589824
            ],
            [
              13216821.246391073,
              302789.34809711576
            ],
            [
              13216820.472112864,
              302849.34317585826
            ],
            [
              13216933.370406821,
              302913.1876640469
            ],
            [
              13216940.820538059,
              302902.28576114774
            ],
            [
              13216951.377624676,
              302884.53510499
            ],
            [
              13216958.357611552,
              302869.06889763474
            ],
            [
              13216963.732283458,
              302852.9744094461
            ],
            [
              13216967.80774279,
              302834.2332677096
            ],
            [
              13216969.70767717,
              302815.1482939571
            ],
            [
              13216969.510498688,
              302797.4442257285
            ],
            [
              13216967.439960629,
              302779.8602362275
            ],
            [
              13216963.111876637,
              302761.1755249351
            ],
            [
              13216951.058398947,
              302720.07677164674
            ],
            [
              13216946.403871387,
              302700.67421260476
            ],
            [
              13216943.705708668,
              302680.9045275599
            ],
            [
              13216942.990813643,
              302660.96423885226
            ]
          ]
        ]
      }
    },
    {
      "type": "Feature",
      "properties": {
        "Shape_Leng": 455.285388661,
        "Shape_Area": 11268.4200008
      },
      "geometry": {
        "type": "Polygon",
        "coordinates": [
          [
            [
              13217118.947178483,
              302898.4842519611
            ],
            [
              13217120.635498688,
              302780.99639107287
            ],
            [
              13217117.348097116,
              302781.277230978
            ],
            [
              13217034.808070868,
              302788.3270997405
            ],
            [
              13217035.633530185,
              302811.1814304441
            ],
            [
              13217034.214566931,
              302834.0065616816
            ],
            [
              13217030.564960629,
              302856.58267717063
            ],
            [
              13217024.719488189,
              302878.6922572106
            ],
            [
              13217016.734908134,
              302900.12237532437
            ],
            [
              13217006.687664047,
              302920.66633857787
            ],
            [
              13217115.358923882,
              302899.193241477
            ],
            [
              13217118.947178483,
              302898.4842519611
            ]
          ]
        ]
      }
    },
    {
      "type": "Feature",
      "properties": {
        "Shape_Leng": 446.70368603,
        "Shape_Area": 12274.9403319
      },
      "geometry": {
        "type": "Polygon",
        "coordinates": [
          [
            [
              13217119.33431758,
              302663.46620735526
            ],
            [
              13217008.787073493,
              302661.8976377994
            ],
            [
              13217009.264435694,
              302675.2568897605
            ],
            [
              13217011.070538059,
              302688.501968503
            ],
            [
              13217014.187335953,
              302701.50131233037
            ],
            [
              13217026.237860888,
              302742.60104987025
            ],
            [
              13217031.66699475,
              302765.24967192113
            ],
            [
              13217034.808070868,
              302788.3270997405
            ],
            [
              13217117.348097116,
              302781.277230978
            ],
            [
              13217120.635498688,
              302780.99639107287
            ],
            [
              13217122.325787395,
              302663.5085301846
            ],
            [
              13217119.33431758,
              302663.46620735526
            ]
          ]
        ]
      }
    },
    {
      "type": "Feature",
      "properties": {
        "Shape_Leng": 471.612924923,
        "Shape_Area": 12783.5680869
      },
      "geometry": {
        "type": "Polygon",
        "coordinates": [
          [
            [
              13217117.413713917,
              303005.2332677096
            ],
            [
              13217118.947178483,
              302898.4842519611
            ],
            [
              13217115.358923882,
              302899.193241477
            ],
            [
              13217006.687664047,
              302920.66633857787
            ],
            [
              13216995.125,
              302939.4685039371
            ],
            [
              13216987.674868762,
              302950.3894356936
            ],
            [
              13216977.276574805,
              302967.81988188624
            ],
            [
              13216969.069225729,
              302986.38320210576
            ],
            [
              13216963.174868762,
              303005.80511811376
            ],
            [
              13217113.567913383,
              303005.24737532437
            ],
            [
              13217117.413713917,
              303005.2332677096
            ]
          ]
        ]
      }
    },
    {
      "type": "Feature",
      "properties": {
        "Shape_Leng": 502.513546503,
        "Shape_Area": 13926.5292663
      },
      "geometry": {
        "type": "Polygon",
        "coordinates": [
          [
            [
              13217115.656824142,
              303127.4904855639
            ],
            [
              13217117.413713917,
              303005.2332677096
            ],
            [
              13217113.567913383,
              303005.24737532437
            ],
            [
              13216963.174868762,
              303005.80511811376
            ],
            [
              13216962.308398947,
              303011.45734907687
            ],
            [
              13216962.374015749,
              303017.1755249351
            ],
            [
              13216963.370078743,
              303022.8064304441
            ],
            [
              13216965.269356951,
              303028.19980314374
            ],
            [
              13216968.021981627,
              303033.21227033436
            ],
            [
              13216971.553805768,
              303037.70964567363
            ],
            [
              13216975.770669296,
              303041.5715223104
            ],
            [
              13216980.56036745,
              303044.6955380589
            ],
            [
              13216988.05216536,
              303049.44586613774
            ],
            [
              13216994.68274279,
              303055.3389107585
            ],
            [
              13217000.279855639,
              303062.22112861276
            ],
            [
              13217004.697506562,
              303069.91371391714
            ],
            [
              13217007.821194232,
              303078.2165354341
            ],
            [
              13217009.569553807,
              303086.91338582337
            ],
            [
              13217009.896981627,
              303095.7782152295
            ],
            [
              13217008.794947505,
              303104.58038057387
            ],
            [
              13217112.375,
              303126.78674541414
            ],
            [
              13217115.656824142,
              303127.4904855639
            ]
          ]
        ]
      }
    },
    {
      "type": "Feature",
      "properties": {
        "Shape_Leng": 467.728992556,
        "Shape_Area": 14039.3134034
      },
      "geometry": {
        "type": "Polygon",
        "coordinates": [
          [
            [
              13217112.375,
              303126.78674541414
            ],
            [
              13217008.794947505,
              303104.58038057387
            ],
            [
              13217006.32742782,
              303112.53641732037
            ],
            [
              13217002.686679795,
              303120.0285433084
            ],
            [
              13216997.956364825,
              303126.884842515
            ],
            [
              13216992.244750649,
              303132.9481627345
            ],
            [
              13216985.683070868,
              303138.07939632237
            ],
            [
              13216978.42158793,
              303142.16076114774
            ],
            [
              13217034.624671921,
              303260.048884511
            ],
            [
              13217114.375656173,
              303212.4806430489
            ],
            [
              13217115.606299207,
              303131.0849737525
            ],
            [
              13217115.656824142,
              303127.4904855639
            ],
            [
              13217112.375,
              303126.78674541414
            ]
          ]
        ]
      }
    },
    {
      "type": "Feature",
      "properties": {
        "Shape_Leng": 460.916158883,
        "Shape_Area": 11516.740192
      },
      "geometry": {
        "type": "Polygon",
        "coordinates": [
          [
            [
              13217034.624671921,
              303260.048884511
            ],
            [
              13216978.42158793,
              303142.16076114774
            ],
            [
              13216972.998359576,
              303144.4990157485
            ],
            [
              13216964.05905512,
              303146.96620735526
            ],
            [
              13216957.64304462,
              303147.7801837325
            ],
            [
              13216951.175853014,
              303147.8389107585
            ],
            [
              13216944.746391073,
              303147.14107611775
            ],
            [
              13216939.79790026,
              303146.07086613774
            ],
            [
              13216934.968503937,
              303144.55216535926
            ],
            [
              13216929.539041996,
              303142.22900262475
            ],
            [
              13216875.232611552,
              303249.1709317565
            ],
            [
              13217034.624671921,
              303260.048884511
            ]
          ]
        ]
      }
    },
    {
      "type": "Feature",
      "properties": {
        "Shape_Leng": 481.337517196,
        "Shape_Area": 11880.9059373
      },
      "geometry": {
        "type": "Polygon",
        "coordinates": [
          [
            [
              13216929.539041996,
              303142.22900262475
            ],
            [
              13216921.84547244,
              303137.4425853044
            ],
            [
              13216915.04199475,
              303131.4580052495
            ],
            [
              13216909.313648298,
              303124.4373359531
            ],
            [
              13216904.815616801,
              303116.5715223104
            ],
            [
              13216901.670275584,
              303108.074146986
            ],
            [
              13216897.662401572,
              303091.33431757987
            ],
            [
              13216782.610892385,
              303090.38713911176
            ],
            [
              13216875.232611552,
              303249.1709317565
            ],
            [
              13216929.539041996,
              303142.22900262475
            ]
          ]
        ]
      }
    },
    {
      "type": "Feature",
      "properties": {
        "Shape_Leng": 458.748218219,
        "Shape_Area": 12591.6266208
      },
      "geometry": {
        "type": "Polygon",
        "coordinates": [
          [
            [
              13216898.404855639,
              302993.9130577445
            ],
            [
              13216781.990157485,
              302964.798884511
            ],
            [
              13216782.610892385,
              303090.38713911176
            ],
            [
              13216897.662401572,
              303091.33431757987
            ],
            [
              13216893.98851706,
              303067.08530183136
            ],
            [
              13216892.884186357,
              303042.58431757987
            ],
            [
              13216894.361876637,
              303018.1033464521
            ],
            [
              13216898.404855639,
              302993.9130577445
            ]
          ]
        ]
      }
    },
    {
      "type": "Feature",
      "properties": {
        "Shape_Leng": 459.870691958,
        "Shape_Area": 12722.9471892
      },
      "geometry": {
        "type": "Polygon",
        "coordinates": [
          [
            [
              13216933.370406821,
              302913.1876640469
            ],
            [
              13216820.472112864,
              302849.34317585826
            ],
            [
              13216781.990157485,
              302964.798884511
            ],
            [
              13216898.404855639,
              302993.9130577445
            ],
            [
              13216904.225393698,
              302972.5751312375
            ],
            [
              13216912.04330708,
              302951.88517060876
            ],
            [
              13216921.787401572,
              302932.02985563874
            ],
            [
              13216933.370406821,
              302913.1876640469
            ]
          ]
        ]
      }
    },
    {
      "type": "Feature",
      "properties": {
        "Shape_Leng": 432.310270243,
        "Shape_Area": 11564.9511083
      },
      "geometry": {
        "type": "Polygon",
        "coordinates": [
          [
            [
              13216747.699803144,
              302956.09711286426
            ],
            [
              13216709.711942255,
              302830.3553149551
            ],
            [
              13216691.885498688,
              302839.4229002595
            ],
            [
              13216622.514107615,
              302886.5587270409
            ],
            [
              13216616.682414696,
              302890.5213254541
            ],
            [
              13216623.063648298,
              302908.5305118114
            ],
            [
              13216628.150590554,
              302926.94685038924
            ],
            [
              13216631.91732283,
              302945.67814961076
            ],
            [
              13216633.496719167,
              302952.37073491514
            ],
            [
              13216635.979330704,
              302958.783136487
            ],
            [
              13216639.318569556,
              302964.79429133236
            ],
            [
              13216643.450787395,
              302970.29068242013
            ],
            [
              13216747.699803144,
              302956.09711286426
            ]
          ]
        ]
      }
    },
    {
      "type": "Feature",
      "properties": {
        "Shape_Leng": 457.532909468,
        "Shape_Area": 10891.5521431
      },
      "geometry": {
        "type": "Polygon",
        "coordinates": [
          [
            [
              13216747.699803144,
              302956.09711286426
            ],
            [
              13216643.450787395,
              302970.29068242013
            ],
            [
              13216648.665354326,
              302977.39206036925
            ],
            [
              13216652.679133862,
              302985.23490813375
            ],
            [
              13216655.389435694,
              302993.61778214574
            ],
            [
              13216656.72604987,
              303002.326115489
            ],
            [
              13216656.655183733,
              303011.13615486026
            ],
            [
              13216655.17847769,
              303019.82185038924
            ],
            [
              13216652.333989501,
              303028.16010499
            ],
            [
              13216648.194553807,
              303035.9373359531
            ],
            [
              13216758.535761148,
              303106.5475721806
            ],
            [
              13216747.699803144,
              302956.09711286426
            ]
          ]
        ]
      }
    },
    {
      "type": "Feature",
      "properties": {
        "Shape_Leng": 450.60193157,
        "Shape_Area": 11177.4980652
      },
      "geometry": {
        "type": "Polygon",
        "coordinates": [
          [
            [
              13216758.535761148,
              303106.5475721806
            ],
            [
              13216648.194553807,
              303035.9373359531
            ],
            [
              13216642.705708668,
              303043.1335301846
            ],
            [
              13216636.110892385,
              303049.332020998
            ],
            [
              13216628.589238852,
              303054.365157485
            ],
            [
              13216620.343503937,
              303058.0967847705
            ],
            [
              13216611.597769022,
              303060.4255249351
            ],
            [
              13216634.073818892,
              303185.4209317565
            ],
            [
              13216758.535761148,
              303106.5475721806
            ]
          ]
        ]
      }
    },
    {
      "type": "Feature",
      "properties": {
        "Shape_Leng": 453.069278373,
        "Shape_Area": 11292.8154466
      },
      "geometry": {
        "type": "Polygon",
        "coordinates": [
          [
            [
              13216611.597769022,
              303060.4255249351
            ],
            [
              13216602.589238852,
              303061.289041996
            ],
            [
              13216593.561023623,
              303060.66371391714
            ],
            [
              13216584.757545933,
              303058.5666010529
            ],
            [
              13216576.41699475,
              303055.05413386226
            ],
            [
              13216568.765419945,
              303050.2217847705
            ],
            [
              13216488.890091866,
              303156.2276902944
            ],
            [
              13216634.073818892,
              303185.4209317565
            ],
            [
              13216611.597769022,
              303060.4255249351
            ]
          ]
        ]
      }
    },
    {
      "type": "Feature",
      "properties": {
        "Shape_Leng": 456.961406389,
        "Shape_Area": 12645.5110898
      },
      "geometry": {
        "type": "Polygon",
        "coordinates": [
          [
            [
              13216568.765419945,
              303050.2217847705
            ],
            [
              13216561.961942255,
              303044.210958004
            ],
            [
              13216556.239829391,
              303037.1630577445
            ],
            [
              13216551.754921257,
              303029.2696850449
            ],
            [
              13216548.629593179,
              303020.74639107287
            ],
            [
              13216546.949146986,
              303011.82480314374
            ],
            [
              13216432.052821517,
              303023.5193569511
            ],
            [
              13216453.744094491,
              303149.1604330689
            ],
            [
              13216488.890091866,
              303156.2276902944
            ],
            [
              13216568.765419945,
              303050.2217847705
            ]
          ]
        ]
      }
    },
    {
      "type": "Feature",
      "properties": {
        "Shape_Leng": 432.49382489,
        "Shape_Area": 11274.4668791
      },
      "geometry": {
        "type": "Polygon",
        "coordinates": [
          [
            [
              13216546.949146986,
              303011.82480314374
            ],
            [
              13216546.794619426,
              303002.4714566916
            ],
            [
              13216548.228674546,
              302993.2273622006
            ],
            [
              13216551.209645674,
              302984.3602362275
            ],
            [
              13216555.650918633,
              302976.126968503
            ],
            [
              13216559.670603678,
              302968.67716535926
            ],
            [
              13216562.37631233,
              302960.65583989024
            ],
            [
              13216563.68963255,
              302952.292979002
            ],
            [
              13216563.573490813,
              302943.82841207087
            ],
            [
              13216562.031167984,
              302935.5049212575
            ],
            [
              13216557.031496063,
              302919.82480314374
            ],
            [
              13216418.443241477,
              302944.68503937125
            ],
            [
              13216432.052821517,
              303023.5193569511
            ],
            [
              13216546.949146986,
              303011.82480314374
            ]
          ]
        ]
      }
    },
    {
      "type": "Feature",
      "properties": {
        "Shape_Leng": 435.138721272,
        "Shape_Area": 11297.2875714
      },
      "geometry": {
        "type": "Polygon",
        "coordinates": [
          [
            [
              13216557.031496063,
              302919.82480314374
            ],
            [
              13216550.397309706,
              302903.77296587825
            ],
            [
              13216542.415026248,
              302888.34711286426
            ],
            [
              13216533.1433727,
              302873.66010499
            ],
            [
              13216502.366469815,
              302829.2404855639
            ],
            [
              13216498.190616801,
              302831.1916010529
            ],
            [
              13216491.88648294,
              302834.02985563874
            ],
            [
              13216466.944553807,
              302844.056758523
            ],
            [
              13216441.396325454,
              302852.41961942613
            ],
            [
              13216415.352690294,
              302859.08169291914
            ],
            [
              13216408.590223104,
              302860.5206692964
            ],
            [
              13216404.068897635,
              302861.41666667163
            ],
            [
              13216418.443241477,
              302944.68503937125
            ],
            [
              13216557.031496063,
              302919.82480314374
            ]
          ]
        ]
      }
    },
    {
      "type": "Feature",
      "properties": {
        "Shape_Leng": 855.873145591,
        "Shape_Area": 43351.5097737
      },
      "geometry": {
        "type": "Polygon",
        "coordinates": [
          [
            [
              13214788.328740165,
              300834.4911417365
            ],
            [
              13214791.021325454,
              300731.384842515
            ],
            [
              13214725.055118114,
              300732.33825458586
            ],
            [
              13214560.663057745,
              300734.70767717063
            ],
            [
              13214527.646325454,
              300735.1824146956
            ],
            [
              13214524.907480314,
              300867.8074146956
            ],
            [
              13214524.240157485,
              300900.11679789424
            ],
            [
              13214557.25688976,
              300899.6404199451
            ],
            [
              13214786.713910758,
              300896.32874016464
            ],
            [
              13214788.328740165,
              300834.4911417365
            ]
          ]
        ]
      }
    },
    {
      "type": "Feature",
      "properties": {
        "Shape_Leng": 791.432170596,
        "Shape_Area": 39121.894792
      },
      "geometry": {
        "type": "Polygon",
        "coordinates": [
          [
            [
              13214729.631561682,
              300537.88910761476
            ],
            [
              13214729.713910758,
              300534.3923884481
            ],
            [
              13214532.596456692,
              300537.2385170609
            ],
            [
              13214531.705052495,
              300537.25131233037
            ],
            [
              13214531.605643049,
              300542.091863513
            ],
            [
              13214529.938648298,
              300623.3864829391
            ],
            [
              13214528.033464566,
              300716.31003937125
            ],
            [
              13214527.646325454,
              300735.1824146956
            ],
            [
              13214560.663057745,
              300734.70767717063
            ],
            [
              13214725.055118114,
              300732.33825458586
            ],
            [
              13214728.937335953,
              300567.40682414174
            ],
            [
              13214729.631561682,
              300537.88910761476
            ]
          ]
        ]
      }
    },
    {
      "type": "Feature",
      "properties": {
        "Shape_Leng": 659.918329165,
        "Shape_Area": 26109.0841123
      },
      "geometry": {
        "type": "Polygon",
        "coordinates": [
          [
            [
              13214861.585629925,
              300535.0830052495
            ],
            [
              13214861.646325454,
              300532.488188982
            ],
            [
              13214729.713910758,
              300534.3923884481
            ],
            [
              13214729.631561682,
              300537.88910761476
            ],
            [
              13214728.937335953,
              300567.40682414174
            ],
            [
              13214725.055118114,
              300732.33825458586
            ],
            [
              13214791.021325454,
              300731.384842515
            ],
            [
              13214857.014435694,
              300730.4324146956
            ],
            [
              13214860.87368767,
              300565.50262467563
            ],
            [
              13214861.585629925,
              300535.0830052495
            ]
          ]
        ]
      }
    },
    {
      "type": "Feature",
      "properties": {
        "Shape_Leng": 1013.6502671,
        "Shape_Area": 48868.6916447
      },
      "geometry": {
        "type": "Polygon",
        "coordinates": [
          [
            [
              13215001.962598428,
              300532.097769022
            ],
            [
              13215002.001968503,
              300530.46227033436
            ],
            [
              13215001.52952756,
              300530.46916010976
            ],
            [
              13214861.646325454,
              300532.488188982
            ],
            [
              13214861.585629925,
              300535.0830052495
            ],
            [
              13214860.87368767,
              300565.50262467563
            ],
            [
              13214857.014435694,
              300730.4324146956
            ],
            [
              13214791.021325454,
              300731.384842515
            ],
            [
              13214788.328740165,
              300834.4911417365
            ],
            [
              13214994.77395013,
              300830.0216535479
            ],
            [
              13215001.205380574,
              300563.4763779491
            ],
            [
              13215001.962598428,
              300532.097769022
            ]
          ]
        ]
      }
    },
    {
      "type": "Feature",
      "properties": {
        "Shape_Leng": 1650.77180005,
        "Shape_Area": 108894.853042
      },
      "geometry": {
        "type": "Polygon",
        "coordinates": [
          [
            [
              13215344.096128613,
              300558.5944881886
            ],
            [
              13215344.895997375,
              300525.5124671906
            ],
            [
              13215241.251968503,
              300527.0088582635
            ],
            [
              13215179.913385823,
              300527.8943569511
            ],
            [
              13215179.90321523,
              300528.3136482984
            ],
            [
              13215179.114501312,
              300560.8592519611
            ],
            [
              13215179.113188982,
              300560.9084645659
            ],
            [
              13215163.923228353,
              301187.703083992
            ],
            [
              13215328.929461941,
              301186.07480314374
            ],
            [
              13215344.09547244,
              300558.62270341814
            ],
            [
              13215344.095800519,
              300558.60793963075
            ],
            [
              13215344.096128613,
              300558.5944881886
            ]
          ]
        ]
      }
    },
    {
      "type": "Feature",
      "properties": {
        "Shape_Leng": 1466.75693561,
        "Shape_Area": 48160.7733122
      },
      "geometry": {
        "type": "Polygon",
        "coordinates": [
          [
            [
              13215417.086614177,
              300557.54461942613
            ],
            [
              13215417.888123363,
              300524.4599737525
            ],
            [
              13215344.895997375,
              300525.5124671906
            ],
            [
              13215344.096128613,
              300558.5944881886
            ],
            [
              13215344.095800519,
              300558.60793963075
            ],
            [
              13215344.09547244,
              300558.62270341814
            ],
            [
              13215328.929461941,
              301186.07480314374
            ],
            [
              13215401.907152236,
              301184.2683726996
            ],
            [
              13215409.8976378,
              300854.365157485
            ],
            [
              13215417.085958004,
              300557.56889763474
            ],
            [
              13215417.086614177,
              300557.54461942613
            ]
          ]
        ]
      }
    },
    {
      "type": "Feature",
      "properties": {
        "Shape_Leng": 802.951029087,
        "Shape_Area": 23569.131464
      },
      "geometry": {
        "type": "Polygon",
        "coordinates": [
          [
            [
              13215488.552493438,
              300556.4475065619
            ],
            [
              13215489.35137795,
              300523.427821517
            ],
            [
              13215483.881233603,
              300523.5068897605
            ],
            [
              13215417.888123363,
              300524.4599737525
            ],
            [
              13215417.086614177,
              300557.54461942613
            ],
            [
              13215417.085958004,
              300557.56889763474
            ],
            [
              13215409.8976378,
              300854.365157485
            ],
            [
              13215481.369094491,
              300853.33070866764
            ],
            [
              13215485.924212605,
              300665.06299212575
            ],
            [
              13215488.552493438,
              300556.4475065619
            ]
          ]
        ]
      }
    },
    {
      "type": "Feature",
      "properties": {
        "Shape_Leng": 1225.99939547,
        "Shape_Area": 86969.9637003
      },
      "geometry": {
        "type": "Polygon",
        "coordinates": [
          [
            [
              13214487.908792645,
              302722.8113517016
            ],
            [
              13214484.983595803,
              302722.74671916664
            ],
            [
              13214481.768700793,
              302868.5380577445
            ],
            [
              13214480.067585304,
              302945.6925853044
            ],
            [
              13214489.635826766,
              302945.9035433084
            ],
            [
              13214513.588254586,
              302946.431758523
            ],
            [
              13214869.972440943,
              302954.2900262475
            ],
            [
              13214874.888779521,
              302731.3444881886
            ],
            [
              13214517.975065619,
              302723.47408136725
            ],
            [
              13214487.908792645,
              302722.8113517016
            ]
          ]
        ]
      }
    },
    {
      "type": "Feature",
      "properties": {
        "Shape_Leng": 1271.8358106,
        "Shape_Area": 87115.7955272
      },
      "geometry": {
        "type": "Polygon",
        "coordinates": [
          [
            [
              13214928.044619426,
              302389.45767717063
            ],
            [
              13214932.455052495,
              302189.5147637725
            ],
            [
              13214529.601706043,
              302196.16929133236
            ],
            [
              13214496.583989501,
              302196.7145669311
            ],
            [
              13214492.173884511,
              302396.6496063024
            ],
            [
              13214525.193897635,
              302396.1046587974
            ],
            [
              13214928.044619426,
              302389.45767717063
            ]
          ]
        ]
      }
    },
    {
      "type": "Feature",
      "properties": {
        "Shape_Leng": 5440.17994493,
        "Shape_Area": 1152015.22404
      },
      "geometry": {
        "type": "Polygon",
        "coordinates": [
          [
            [
              13215802.513779521,
              303164.4110892415
            ],
            [
              13215815.095144361,
              302502.8907480389
            ],
            [
              13215815.173884511,
              302498.7470472455
            ],
            [
              13215820.089238852,
              302240.28937007487
            ],
            [
              13215820.16568242,
              302236.2634514421
            ],
            [
              13215821.61384514,
              302160.1417322904
            ],
            [
              13215819.469816267,
              302160.2139107585
            ],
            [
              13214968.519685045,
              302188.9189632535
            ],
            [
              13214932.455052495,
              302189.5147637725
            ],
            [
              13214928.044619426,
              302389.45767717063
            ],
            [
              13214525.193897635,
              302396.1046587974
            ],
            [
              13214492.173884511,
              302396.6496063024
            ],
            [
              13214487.098425195,
              302626.83136482537
            ],
            [
              13214484.983595803,
              302722.74671916664
            ],
            [
              13214487.908792645,
              302722.8113517016
            ],
            [
              13214517.975065619,
              302723.47408136725
            ],
            [
              13214874.888779521,
              302731.3444881886
            ],
            [
              13214869.972440943,
              302954.2900262475
            ],
            [
              13214513.588254586,
              302946.431758523
            ],
            [
              13214489.635826766,
              302945.9035433084
            ],
            [
              13214480.067585304,
              302945.6925853044
            ],
            [
              13214474.445538059,
              303198.11679789424
            ],
            [
              13214484.457349077,
              303197.8615485579
            ],
            [
              13214485.135498688,
              303197.8454724401
            ],
            [
              13214518.267388448,
              303197.0049212575
            ],
            [
              13215043.271325454,
              303183.6807742715
            ],
            [
              13215796.375,
              303164.56692913175
            ],
            [
              13215802.513779521,
              303164.4110892415
            ]
          ]
        ]
      }
    },
    {
      "type": "Feature",
      "properties": {
        "Shape_Leng": 1675.79257907,
        "Shape_Area": 117323.42718
      },
      "geometry": {
        "type": "Polygon",
        "coordinates": [
          [
            [
              13215179.90321523,
              300528.3136482984
            ],
            [
              13215179.913385823,
              300527.8943569511
            ],
            [
              13215002.001968503,
              300530.46227033436
            ],
            [
              13215001.962598428,
              300532.097769022
            ],
            [
              13215001.205380574,
              300563.4763779491
            ],
            [
              13214994.77395013,
              300830.0216535479
            ],
            [
              13214988.462270334,
              301091.6046587974
            ],
            [
              13214988.421259835,
              301093.298884511
            ],
            [
              13214986.08169292,
              301190.2703412026
            ],
            [
              13215163.923228353,
              301187.703083992
            ],
            [
              13215179.113188982,
              300560.9084645659
            ],
            [
              13215179.114501312,
              300560.8592519611
            ],
            [
              13215179.90321523,
              300528.3136482984
            ]
          ]
        ]
      }
    },
    {
      "type": "Feature",
      "properties": {
        "Shape_Leng": 1460.92506464,
        "Shape_Area": 106196.281388
      },
      "geometry": {
        "type": "Polygon",
        "coordinates": [
          [
            [
              13214988.462270334,
              301091.6046587974
            ],
            [
              13214994.77395013,
              300830.0216535479
            ],
            [
              13214788.328740165,
              300834.4911417365
            ],
            [
              13214786.713910758,
              300896.32874016464
            ],
            [
              13214557.25688976,
              300899.6404199451
            ],
            [
              13214524.240157485,
              300900.11679789424
            ],
            [
              13214520.110564306,
              301100.0587270409
            ],
            [
              13214553.17290026,
              301099.4619422555
            ],
            [
              13214988.462270334,
              301091.6046587974
            ]
          ]
        ]
      }
    },
    {
      "type": "Feature",
      "properties": {
        "Shape_Leng": 1344.00008758,
        "Shape_Area": 94329.8682094
      },
      "geometry": {
        "type": "Polygon",
        "coordinates": [
          [
            [
              13214973.609251961,
              301958.04921260476
            ],
            [
              13214978.020013124,
              301758.097769022
            ],
            [
              13214539.10104987,
              301765.34120735526
            ],
            [
              13214506.08431758,
              301765.88615486026
            ],
            [
              13214503.220144361,
              301895.73195537925
            ],
            [
              13214501.673556432,
              301965.83759842813
            ],
            [
              13214534.692585304,
              301965.29265092313
            ],
            [
              13214973.609251961,
              301958.04921260476
            ]
          ]
        ]
      }
    },
    {
      "type": "Feature",
      "properties": {
        "Shape_Leng": 1405.85893795,
        "Shape_Area": 108917.771853
      },
      "geometry": {
        "type": "Polygon",
        "coordinates": [
          [
            [
              13214968.519685045,
              302188.9189632535
            ],
            [
              13214973.609251961,
              301958.04921260476
            ],
            [
              13214534.692585304,
              301965.29265092313
            ],
            [
              13214501.673556432,
              301965.83759842813
            ],
            [
              13214496.583989501,
              302196.7145669311
            ],
            [
              13214529.601706043,
              302196.16929133236
            ],
            [
              13214932.455052495,
              302189.5147637725
            ],
            [
              13214968.519685045,
              302188.9189632535
            ]
          ]
        ]
      }
    },
    {
      "type": "Feature",
      "properties": {
        "Shape_Leng": 1337.76075556,
        "Shape_Area": 93929.2329035
      },
      "geometry": {
        "type": "Polygon",
        "coordinates": [
          [
            [
              13214988.421259835,
              301093.298884511
            ],
            [
              13214988.462270334,
              301091.6046587974
            ],
            [
              13214553.17290026,
              301099.4619422555
            ],
            [
              13214520.110564306,
              301100.0587270409
            ],
            [
              13214519.634514436,
              301123.11482939124
            ],
            [
              13214517.718832016,
              301215.8694225699
            ],
            [
              13214517.627624676,
              301220.2805118114
            ],
            [
              13214515.98195538,
              301299.990157485
            ],
            [
              13214548.99868767,
              301299.5134514421
            ],
            [
              13214983.597440943,
              301293.2404855639
            ],
            [
              13214986.08169292,
              301190.2703412026
            ],
            [
              13214988.421259835,
              301093.298884511
            ]
          ]
        ]
      }
    },
    {
      "type": "Feature",
      "properties": {
        "Shape_Leng": 1715.99635402,
        "Shape_Area": 85090.281128
      },
      "geometry": {
        "type": "Polygon",
        "coordinates": [
          [
            [
              13215615.064304456,
              300554.76312336326
            ],
            [
              13215615.867782146,
              300521.6017060429
            ],
            [
              13215602.424868762,
              300521.79560367763
            ],
            [
              13215555.83431758,
              300522.46817585826
            ],
            [
              13215555.032152236,
              300555.5744750649
            ],
            [
              13215547.839566931,
              300852.37139107287
            ],
            [
              13215494.109251961,
              300853.1466535479
            ],
            [
              13215488.640748039,
              300853.2257217914
            ],
            [
              13215481.369094491,
              300853.33070866764
            ],
            [
              13215409.8976378,
              300854.365157485
            ],
            [
              13215401.907152236,
              301184.2683726996
            ],
            [
              13215493.399934381,
              301182.94685038924
            ],
            [
              13215498.867782146,
              301182.86778214574
            ],
            [
              13215565.350721791,
              301181.9074803144
            ],
            [
              13215599.88648294,
              301181.4084645659
            ],
            [
              13215615.063648298,
              300554.7860892415
            ],
            [
              13215615.064304456,
              300554.76312336326
            ]
          ]
        ]
      }
    },
    {
      "type": "Feature",
      "properties": {
        "Shape_Leng": 792.966773897,
        "Shape_Area": 21923.2403329
      },
      "geometry": {
        "type": "Polygon",
        "coordinates": [
          [
            [
              13215555.032152236,
              300555.5744750649
            ],
            [
              13215555.83431758,
              300522.46817585826
            ],
            [
              13215489.35137795,
              300523.427821517
            ],
            [
              13215488.552493438,
              300556.4475065619
            ],
            [
              13215485.924212605,
              300665.06299212575
            ],
            [
              13215481.369094491,
              300853.33070866764
            ],
            [
              13215488.640748039,
              300853.2257217914
            ],
            [
              13215494.109251961,
              300853.1466535479
            ],
            [
              13215547.839566931,
              300852.37139107287
            ],
            [
              13215555.032152236,
              300555.5744750649
            ]
          ]
        ]
      }
    },
    {
      "type": "Feature",
      "properties": {
        "Shape_Leng": 1797.36886308,
        "Shape_Area": 106281.706481
      },
      "geometry": {
        "type": "Polygon",
        "coordinates": [
          [
            [
              13215843.430118114,
              301013.09120735526
            ],
            [
              13215846.759514436,
              300838.06299212575
            ],
            [
              13215766.767716542,
              300839.2165354341
            ],
            [
              13215686.776246727,
              300840.36975064874
            ],
            [
              13215692.23195538,
              300553.50229658186
            ],
            [
              13215692.859908134,
              300520.490157485
            ],
            [
              13215615.867782146,
              300521.6017060429
            ],
            [
              13215615.064304456,
              300554.76312336326
            ],
            [
              13215615.063648298,
              300554.7860892415
            ],
            [
              13215599.88648294,
              301181.4084645659
            ],
            [
              13215840.29330708,
              301178.00164042413
            ],
            [
              13215843.430118114,
              301013.09120735526
            ]
          ]
        ]
      }
    },
    {
      "type": "Feature",
      "properties": {
        "Shape_Leng": 799.875773971,
        "Shape_Area": 25580.6731304
      },
      "geometry": {
        "type": "Polygon",
        "coordinates": [
          [
            [
              13215772.223425195,
              300552.3484251946
            ],
            [
              13215772.85137795,
              300519.33562992513
            ],
            [
              13215692.859908134,
              300520.490157485
            ],
            [
              13215692.23195538,
              300553.50229658186
            ],
            [
              13215686.776246727,
              300840.36975064874
            ],
            [
              13215766.767716542,
              300839.2165354341
            ],
            [
              13215772.223425195,
              300552.3484251946
            ]
          ]
        ]
      }
    },
    {
      "type": "Feature",
      "properties": {
        "Shape_Leng": 799.879063765,
        "Shape_Area": 25580.8657735
      },
      "geometry": {
        "type": "Polygon",
        "coordinates": [
          [
            [
              13215852.214238852,
              300551.236220479
            ],
            [
              13215852.843175858,
              300518.1807742715
            ],
            [
              13215772.85137795,
              300519.33562992513
            ],
            [
              13215772.223425195,
              300552.3484251946
            ],
            [
              13215766.767716542,
              300839.2165354341
            ],
            [
              13215846.759514436,
              300838.06299212575
            ],
            [
              13215852.200787395,
              300551.94881889224
            ],
            [
              13215852.214238852,
              300551.236220479
            ]
          ]
        ]
      }
    },
    {
      "type": "Feature",
      "properties": {
        "Shape_Leng": 4629.79384295,
        "Shape_Area": 1062870.33946
      },
      "geometry": {
        "type": "Polygon",
        "coordinates": [
          [
            [
              13215821.61384514,
              302160.1417322904
            ],
            [
              13215832.701115489,
              301577.1893044561
            ],
            [
              13215832.778871387,
              301573.1053149551
            ],
            [
              13215840.29330708,
              301178.00164042413
            ],
            [
              13215599.88648294,
              301181.4084645659
            ],
            [
              13215565.350721791,
              301181.9074803144
            ],
            [
              13215498.867782146,
              301182.86778214574
            ],
            [
              13215493.399934381,
              301182.94685038924
            ],
            [
              13215401.907152236,
              301184.2683726996
            ],
            [
              13215328.929461941,
              301186.07480314374
            ],
            [
              13215163.923228353,
              301187.703083992
            ],
            [
              13214986.08169292,
              301190.2703412026
            ],
            [
              13214983.597440943,
              301293.2404855639
            ],
            [
              13214548.99868767,
              301299.5134514421
            ],
            [
              13214515.98195538,
              301299.990157485
            ],
            [
              13214510.491797894,
              301565.81200787425
            ],
            [
              13214506.08431758,
              301765.88615486026
            ],
            [
              13214539.10104987,
              301765.34120735526
            ],
            [
              13214978.020013124,
              301758.097769022
            ],
            [
              13214973.609251961,
              301958.04921260476
            ],
            [
              13214968.519685045,
              302188.9189632535
            ],
            [
              13215819.469816267,
              302160.2139107585
            ],
            [
              13215821.61384514,
              302160.1417322904
            ]
          ]
        ]
      }
    },
    {
      "type": "Feature",
      "properties": {
        "Shape_Leng": 2012.99999317,
        "Shape_Area": 252738.01254
      },
      "geometry": {
        "type": "Polygon",
        "coordinates": [
          [
            [
              13216363.290026248,
              300530.1456692964
            ],
            [
              13216363.915354326,
              300497.2634514421
            ],
            [
              13216177.13188976,
              300504.908136487
            ],
            [
              13215856.42716536,
              300518.0341207385
            ],
            [
              13215852.843175858,
              300518.1807742715
            ],
            [
              13215852.214238852,
              300551.236220479
            ],
            [
              13215852.200787395,
              300551.94881889224
            ],
            [
              13215846.759514436,
              300838.06299212575
            ],
            [
              13215843.430118114,
              301013.09120735526
            ],
            [
              13216354.502296582,
              300992.173884511
            ],
            [
              13216363.290026248,
              300530.1456692964
            ]
          ]
        ]
      }
    },
    {
      "type": "Feature",
      "properties": {
        "Shape_Leng": 3510.1983938,
        "Shape_Area": 434932.099295
      },
      "geometry": {
        "type": "Polygon",
        "coordinates": [
          [
            [
              13216565.92847769,
              300719.113188982
            ],
            [
              13216566.82742782,
              300669.62139107287
            ],
            [
              13216500.885170609,
              300672.3835301846
            ],
            [
              13216503.55479002,
              300524.56299212575
            ],
            [
              13216504.162401572,
              300490.9130577445
            ],
            [
              13216363.915354326,
              300497.2634514421
            ],
            [
              13216363.290026248,
              300530.1456692964
            ],
            [
              13216354.502296582,
              300992.173884511
            ],
            [
              13215843.430118114,
              301013.09120735526
            ],
            [
              13215840.29330708,
              301178.00164042413
            ],
            [
              13215832.778871387,
              301573.1053149551
            ],
            [
              13215832.701115489,
              301577.1893044561
            ],
            [
              13216282.903871387,
              301557.5928477645
            ],
            [
              13216429.033792645,
              301551.23195537925
            ],
            [
              13216488.1433727,
              301376.8369422555
            ],
            [
              13216499.986220479,
              300721.8740157485
            ],
            [
              13216565.92847769,
              300719.113188982
            ]
          ]
        ]
      }
    },
    {
      "type": "Feature",
      "properties": {
        "Shape_Leng": 2351.76763951,
        "Shape_Area": 323201.903695
      },
      "geometry": {
        "type": "Polygon",
        "coordinates": [
          [
            [
              13216195.639435694,
              302228.01804462075
            ],
            [
              13216429.033792645,
              301551.23195537925
            ],
            [
              13216282.903871387,
              301557.5928477645
            ],
            [
              13215832.701115489,
              301577.1893044561
            ],
            [
              13215821.61384514,
              302160.1417322904
            ],
            [
              13215820.16568242,
              302236.2634514421
            ],
            [
              13215820.089238852,
              302240.28937007487
            ],
            [
              13216188.213910758,
              302228.2608267665
            ],
            [
              13216195.639435694,
              302228.01804462075
            ]
          ]
        ]
      }
    },
    {
      "type": "Feature",
      "properties": {
        "Shape_Leng": 393.547933871,
        "Shape_Area": 9567.79160861
      },
      "geometry": {
        "type": "Polygon",
        "coordinates": [
          [
            [
              13216691.885498688,
              302839.4229002595
            ],
            [
              13216634.140748039,
              302745.79822835326
            ],
            [
              13216607.605643049,
              302763.1017060429
            ],
            [
              13216559.914041996,
              302796.1092519611
            ],
            [
              13216587.493766397,
              302836.03838582337
            ],
            [
              13216622.514107615,
              302886.5587270409
            ],
            [
              13216691.885498688,
              302839.4229002595
            ]
          ]
        ]
      }
    },
    {
      "type": "Feature",
      "properties": {
        "Shape_Leng": 382.912969304,
        "Shape_Area": 9019.80159228
      },
      "geometry": {
        "type": "Polygon",
        "coordinates": [
          [
            [
              13216756.662401572,
              302806.3966535479
            ],
            [
              13216714.122047246,
              302704.72703412175
            ],
            [
              13216686.759186357,
              302717.0196850449
            ],
            [
              13216660.074475065,
              302730.7224409431
            ],
            [
              13216634.140748039,
              302745.79822835326
            ],
            [
              13216691.885498688,
              302839.4229002595
            ],
            [
              13216709.711942255,
              302830.3553149551
            ],
            [
              13216756.662401572,
              302806.3966535479
            ]
          ]
        ]
      }
    },
    {
      "type": "Feature",
      "properties": {
        "Shape_Leng": 383.476896492,
        "Shape_Area": 9429.10357963
      },
      "geometry": {
        "type": "Polygon",
        "coordinates": [
          [
            [
              13216821.246391073,
              302789.34809711576
            ],
            [
              13216821.355314955,
              302780.615157485
            ],
            [
              13216821.871062994,
              302739.25820210576
            ],
            [
              13216799.99442257,
              302676.947178483
            ],
            [
              13216770.89862205,
              302684.705052495
            ],
            [
              13216742.24868767,
              302693.9734251946
            ],
            [
              13216714.122047246,
              302704.72703412175
            ],
            [
              13216756.662401572,
              302806.3966535479
            ],
            [
              13216821.246391073,
              302789.34809711576
            ]
          ]
        ]
      }
    },
    {
      "type": "Feature",
      "properties": {
        "Shape_Leng": 410.281139029,
        "Shape_Area": 9836.58712462
      },
      "geometry": {
        "type": "Polygon",
        "coordinates": [
          [
            [
              13216942.990813643,
              302660.96423885226
            ],
            [
              13216906.935695544,
              302661.5849737525
            ],
            [
              13216870.990813643,
              302664.4645669311
            ],
            [
              13216835.29658793,
              302669.59219160676
            ],
            [
              13216799.99442257,
              302676.947178483
            ],
            [
              13216821.871062994,
              302739.25820210576
            ],
            [
              13216941.858923882,
              302740.95636482537
            ],
            [
              13216942.990813643,
              302660.96423885226
            ]
          ]
        ]
      }
    },
    {
      "type": "Feature",
      "properties": {
        "Shape_Leng": 325.95369303,
        "Shape_Area": 5104.09488727
      },
      "geometry": {
        "type": "Polygon",
        "coordinates": [
          [
            [
              13216941.858923882,
              302740.95636482537
            ],
            [
              13216821.871062994,
              302739.25820210576
            ],
            [
              13216821.355314955,
              302780.615157485
            ],
            [
              13216821.246391073,
              302789.34809711576
            ],
            [
              13216941.361876637,
              302775.95275589824
            ],
            [
              13216941.858923882,
              302740.95636482537
            ]
          ]
        ]
      }
    },
    {
      "type": "Feature",
      "properties": {
        "Shape_Leng": 389.976581008,
        "Shape_Area": 9349.62472861
      },
      "geometry": {
        "type": "Polygon",
        "coordinates": [
          [
            [
              13216234.219488189,
              302568.74868766963
            ],
            [
              13216198.283792645,
              302672.71325458586
            ],
            [
              13216248.620406821,
              302690.1122047305
            ],
            [
              13216278.627624676,
              302700.45964567363
            ],
            [
              13216314.555774271,
              302596.5173884481
            ],
            [
              13216234.219488189,
              302568.74868766963
            ]
          ]
        ]
      }
    },
    {
      "type": "Feature",
      "properties": {
        "Shape_Leng": 411.307510687,
        "Shape_Area": 10886.0547824
      },
      "geometry": {
        "type": "Polygon",
        "coordinates": [
          [
            [
              13216408.79790026,
              302686.626968503
            ],
            [
              13216362.950131238,
              302592.4514435679
            ],
            [
              13216353.818569556,
              302596.49934382737
            ],
            [
              13216344.14206037,
              302598.97604987025
            ],
            [
              13216334.188648298,
              302599.81200787425
            ],
            [
              13216324.234580055,
              302598.98490813375
            ],
            [
              13216314.555774271,
              302596.5173884481
            ],
            [
              13216278.627624676,
              302700.45964567363
            ],
            [
              13216352.138779521,
              302725.8083989471
            ],
            [
              13216408.759186357,
              302686.65387138724
            ],
            [
              13216408.79790026,
              302686.626968503
            ]
          ]
        ]
      }
    },
    {
      "type": "Feature",
      "properties": {
        "Shape_Leng": 396.285829899,
        "Shape_Area": 9289.22798428
      },
      "geometry": {
        "type": "Polygon",
        "coordinates": [
          [
            [
              13216459.753280833,
              302651.3894356936
            ],
            [
              13216502.031824142,
              302590.9734251946
            ],
            [
              13216389.265419945,
              302563.5213254541
            ],
            [
              13216384.592519686,
              302572.30314961076
            ],
            [
              13216378.532152236,
              302580.1916010529
            ],
            [
              13216371.25131233,
              302586.9698162675
            ],
            [
              13216362.950131238,
              302592.4514435679
            ],
            [
              13216408.79790026,
              302686.626968503
            ],
            [
              13216459.753280833,
              302651.3894356936
            ]
          ]
        ]
      }
    },
    {
      "type": "Feature",
      "properties": {
        "Shape_Leng": 388.60579696,
        "Shape_Area": 8490.10140533
      },
      "geometry": {
        "type": "Polygon",
        "coordinates": [
          [
            [
              13216570.014107615,
              302708.85990813375
            ],
            [
              13216579.23851706,
              302702.61778214574
            ],
            [
              13216502.031824142,
              302590.9734251946
            ],
            [
              13216459.753280833,
              302651.3894356936
            ],
            [
              13216522.370734915,
              302741.86384513974
            ],
            [
              13216570.014107615,
              302708.85990813375
            ]
          ]
        ]
      }
    },
    {
      "type": "Feature",
      "properties": {
        "Shape_Leng": 458.69294833,
        "Shape_Area": 12452.2215181
      },
      "geometry": {
        "type": "Polygon",
        "coordinates": [
          [
            [
              13216384.640748039,
              302797.845800519
            ],
            [
              13216352.138779521,
              302725.8083989471
            ],
            [
              13216278.627624676,
              302700.45964567363
            ],
            [
              13216248.620406821,
              302690.1122047305
            ],
            [
              13216216.200459316,
              302784.12926508486
            ],
            [
              13216243.472112864,
              302792.2395013124
            ],
            [
              13216271.323162735,
              302798.0574146956
            ],
            [
              13216299.561023623,
              302801.542979002
            ],
            [
              13216327.990813643,
              302802.671916008
            ],
            [
              13216356.416010499,
              302801.4366797954
            ],
            [
              13216384.640748039,
              302797.845800519
            ]
          ]
        ]
      }
    },
    {
      "type": "Feature",
      "properties": {
        "Shape_Leng": 469.736325207,
        "Shape_Area": 13860.0652257
      },
      "geometry": {
        "type": "Polygon",
        "coordinates": [
          [
            [
              13216522.370734915,
              302741.86384513974
            ],
            [
              13216459.753280833,
              302651.3894356936
            ],
            [
              13216408.79790026,
              302686.626968503
            ],
            [
              13216408.759186357,
              302686.65387138724
            ],
            [
              13216352.138779521,
              302725.8083989471
            ],
            [
              13216384.640748039,
              302797.845800519
            ],
            [
              13216388.798556432,
              302797.1154855639
            ],
            [
              13216395.017716542,
              302795.9245406836
            ],
            [
              13216419.646325454,
              302790.03182414174
            ],
            [
              13216443.771325454,
              302782.33267717063
            ],
            [
              13216467.260498688,
              302772.8694225699
            ],
            [
              13216489.984908134,
              302761.6935695559
            ],
            [
              13216511.819881886,
              302748.867125988
            ],
            [
              13216517.127624676,
              302745.414041996
            ],
            [
              13216522.370734915,
              302741.86384513974
            ]
          ]
        ]
      }
    },
    {
      "type": "Feature",
      "properties": {
        "Shape_Leng": 478.220986909,
        "Shape_Area": 12207.6035971
      },
      "geometry": {
        "type": "Polygon",
        "coordinates": [
          [
            [
              13216508.964238852,
              302523.3907480389
            ],
            [
              13216510.409776896,
              302423.4012467265
            ],
            [
              13216510.446194232,
              302420.8805774301
            ],
            [
              13216386.485236228,
              302510.458989501
            ],
            [
              13216390.288713917,
              302518.6092519611
            ],
            [
              13216392.831036747,
              302527.2365485579
            ],
            [
              13216394.055118114,
              302536.14698162675
            ],
            [
              13216393.93372704,
              302545.1404199451
            ],
            [
              13216392.46916011,
              302554.0144356936
            ],
            [
              13216508.114829391,
              302582.154199481
            ],
            [
              13216508.964238852,
              302523.3907480389
            ]
          ]
        ]
      }
    },
    {
      "type": "Feature",
      "properties": {
        "Shape_Leng": 439.381607726,
        "Shape_Area": 10355.5806031
      },
      "geometry": {
        "type": "Polygon",
        "coordinates": [
          [
            [
              13216510.446194232,
              302420.8805774301
            ],
            [
              13216389.69685039,
              302379.1404199451
            ],
            [
              13216349.032480314,
              302481.468832016
            ],
            [
              13216353.759186357,
              302483.1043307036
            ],
            [
              13216361.766076118,
              302486.5419947505
            ],
            [
              13216369.190288708,
              302491.10301837325
            ],
            [
              13216375.875984251,
              302496.6916010529
            ],
            [
              13216381.681758523,
              302503.18897637725
            ],
            [
              13216386.485236228,
              302510.458989501
            ],
            [
              13216510.446194232,
              302420.8805774301
            ]
          ]
        ]
      }
    },
    {
      "type": "Feature",
      "properties": {
        "Shape_Leng": 385.118964327,
        "Shape_Area": 9075.31149361
      },
      "geometry": {
        "type": "Polygon",
        "coordinates": [
          [
            [
              13216389.69685039,
              302379.1404199451
            ],
            [
              13216309.35793963,
              302351.3684383184
            ],
            [
              13216273.419291332,
              302455.332020998
            ],
            [
              13216349.032480314,
              302481.468832016
            ],
            [
              13216389.69685039,
              302379.1404199451
            ]
          ]
        ]
      }
    },
    {
      "type": "Feature",
      "properties": {
        "Shape_Leng": 554.780036011,
        "Shape_Area": 15030.5581675
      },
      "geometry": {
        "type": "Polygon",
        "coordinates": [
          [
            [
              13216511.587598428,
              302341.91929133236
            ],
            [
              13216333.859580055,
              302280.4835958034
            ],
            [
              13216309.35793963,
              302351.3684383184
            ],
            [
              13216389.69685039,
              302379.1404199451
            ],
            [
              13216510.446194232,
              302420.8805774301
            ],
            [
              13216511.587598428,
              302341.91929133236
            ]
          ]
        ]
      }
    },
    {
      "type": "Feature",
      "properties": {
        "Shape_Leng": 505.344410674,
        "Shape_Area": 13175.841169
      },
      "geometry": {
        "type": "Polygon",
        "coordinates": [
          [
            [
              13216511.62368767,
              302339.43011811376
            ],
            [
              13216512.730971128,
              302262.95866142213
            ],
            [
              13216358.339238852,
              302209.61187663674
            ],
            [
              13216333.859580055,
              302280.4835958034
            ],
            [
              13216511.587598428,
              302341.91929133236
            ],
            [
              13216511.62368767,
              302339.43011811376
            ]
          ]
        ]
      }
    },
    {
      "type": "Feature",
      "properties": {
        "Shape_Leng": 455.957389352,
        "Shape_Area": 11324.8213387
      },
      "geometry": {
        "type": "Polygon",
        "coordinates": [
          [
            [
              13216512.780183733,
              302259.4383202046
            ],
            [
              13216513.871062994,
              302183.99770341814
            ],
            [
              13216382.83267717,
              302138.7234251946
            ],
            [
              13216358.339238852,
              302209.61187663674
            ],
            [
              13216512.730971128,
              302262.95866142213
            ],
            [
              13216512.780183733,
              302259.4383202046
            ]
          ]
        ]
      }
    },
    {
      "type": "Feature",
      "properties": {
        "Shape_Leng": 421.620876393,
        "Shape_Area": 10126.7007498
      },
      "geometry": {
        "type": "Polygon",
        "coordinates": [
          [
            [
              13216513.936679795,
              302179.4465223104
            ],
            [
              13216514.73195538,
              302124.4422572106
            ],
            [
              13216522.380905509,
              302102.3064304441
            ],
            [
              13216408.960301831,
              302063.1122047305
            ],
            [
              13216382.83267717,
              302138.7234251946
            ],
            [
              13216513.871062994,
              302183.99770341814
            ],
            [
              13216513.936679795,
              302179.4465223104
            ]
          ]
        ]
      }
    },
    {
      "type": "Feature",
      "properties": {
        "Shape_Leng": 399.987378006,
        "Shape_Area": 9599.24719793
      },
      "geometry": {
        "type": "Polygon",
        "coordinates": [
          [
            [
              13216530.40452756,
              302079.08366142213
            ],
            [
              13216548.502952754,
              302026.6922572106
            ],
            [
              13216435.080052495,
              301987.5104986876
            ],
            [
              13216408.960301831,
              302063.1122047305
            ],
            [
              13216522.380905509,
              302102.3064304441
            ],
            [
              13216530.40452756,
              302079.08366142213
            ]
          ]
        ]
      }
    },
    {
      "type": "Feature",
      "properties": {
        "Shape_Leng": 400.019031777,
        "Shape_Area": 9601.14370334
      },
      "geometry": {
        "type": "Polygon",
        "coordinates": [
          [
            [
              13216435.080052495,
              301987.5104986876
            ],
            [
              13216548.502952754,
              302026.6922572106
            ],
            [
              13216574.628280833,
              301951.078083992
            ],
            [
              13216461.211286083,
              301911.87860892713
            ],
            [
              13216435.080052495,
              301987.5104986876
            ]
          ]
        ]
      }
    },
    {
      "type": "Feature",
      "properties": {
        "Shape_Leng": 400.006686346,
        "Shape_Area": 9600.28637303
      },
      "geometry": {
        "type": "Polygon",
        "coordinates": [
          [
            [
              13216600.763451442,
              301875.46062992513
            ],
            [
              13216564.84678477,
              301863.05118110776
            ],
            [
              13216487.34416011,
              301836.2673884481
            ],
            [
              13216461.211286083,
              301911.87860892713
            ],
            [
              13216574.628280833,
              301951.078083992
            ],
            [
              13216600.763451442,
              301875.46062992513
            ]
          ]
        ]
      }
    },
    {
      "type": "Feature",
      "properties": {
        "Shape_Leng": 413.99213934,
        "Shape_Area": 10249.5044002
      },
      "geometry": {
        "type": "Polygon",
        "coordinates": [
          [
            [
              13216487.34416011,
              301836.2673884481
            ],
            [
              13216564.84678477,
              301863.05118110776
            ],
            [
              13216605.667650923,
              301744.904199481
            ],
            [
              13216528.17290026,
              301718.12335957587
            ],
            [
              13216487.34416011,
              301836.2673884481
            ]
          ]
        ]
      }
    },
    {
      "type": "Feature",
      "properties": {
        "Shape_Leng": 380.000190852,
        "Shape_Area": 8125.00802876
      },
      "geometry": {
        "type": "Polygon",
        "coordinates": [
          [
            [
              13216605.667650923,
              301744.904199481
            ],
            [
              13216564.84678477,
              301863.05118110776
            ],
            [
              13216600.763451442,
              301875.46062992513
            ],
            [
              13216626.283136487,
              301884.27788713574
            ],
            [
              13216667.104002625,
              301766.13123360276
            ],
            [
              13216605.667650923,
              301744.904199481
            ]
          ]
        ]
      }
    },
    {
      "type": "Feature",
      "properties": {
        "Shape_Leng": 414.481055105,
        "Shape_Area": 10240.3099093
      },
      "geometry": {
        "type": "Polygon",
        "coordinates": [
          [
            [
              13216728.564960629,
              301787.4747375399
            ],
            [
              13216667.104002625,
              301766.13123360276
            ],
            [
              13216626.283136487,
              301884.27788713574
            ],
            [
              13216687.564960629,
              301905.45669291914
            ],
            [
              13216687.756561682,
              301905.52296587825
            ],
            [
              13216697.049868762,
              301908.7345800549
            ],
            [
              13216751.195866138,
              301795.46489501
            ],
            [
              13216728.564960629,
              301787.4747375399
            ]
          ]
        ]
      }
    }
  ]
}